Invoice_No,Date,Total_Amount,Source_File
INV,,,invoice_india_1.jpg.txt
INV,,,invoice_india_10.jpg.txt
INV,,,invoice_india_100.jpg.txt
INV,,,invoice_india_1000.jpg.txt
INV,,,invoice_india_101.jpg.txt
INV,,,invoice_india_102.jpg.txt
INV,,,invoice_india_103.jpg.txt
INV,,,invoice_india_104.jpg.txt
INV,,,invoice_india_105.jpg.txt
INV,,,invoice_india_106.jpg.txt
INV,,,invoice_india_107.jpg.txt
INV,,,invoice_india_108.jpg.txt
INV,,,invoice_india_109.jpg.txt
INV,,,invoice_india_11.jpg.txt
INV,,,invoice_india_110.jpg.txt
INV,,,invoice_india_111.jpg.txt
INV,,,invoice_india_112.jpg.txt
INV,,,invoice_india_113.jpg.txt
INV,,,invoice_india_114.jpg.txt
INV,,,invoice_india_115.jpg.txt
INV,,,invoice_india_116.jpg.txt
INV,,,invoice_india_117.jpg.txt
INV,,,invoice_india_118.jpg.txt
INV,,,invoice_india_119.jpg.txt
INV,,,invoice_india_12.jpg.txt
INV,,,invoice_india_120.jpg.txt
INV,,,invoice_india_121.jpg.txt
INV,,,invoice_india_122.jpg.txt
INV,,,invoice_india_123.jpg.txt
INV,,,invoice_india_124.jpg.txt
INV,,,invoice_india_125.jpg.txt
INV,,,invoice_india_126.jpg.txt
INV,,,invoice_india_127.jpg.txt
INV,,,invoice_india_128.jpg.txt
INV,,,invoice_india_129.jpg.txt
INV,,,invoice_india_13.jpg.txt
INV,,,invoice_india_130.jpg.txt
INV,,,invoice_india_131.jpg.txt
INV,,,invoice_india_132.jpg.txt
INV,,,invoice_india_133.jpg.txt
INV,,,invoice_india_134.jpg.txt
INV,,,invoice_india_135.jpg.txt
INV,,,invoice_india_136.jpg.txt
INV,,,invoice_india_137.jpg.txt
INV,,,invoice_india_138.jpg.txt
INV,,,invoice_india_139.jpg.txt
INV,,,invoice_india_14.jpg.txt
INV,,,invoice_india_140.jpg.txt
INV,,,invoice_india_141.jpg.txt
INV,,,invoice_india_142.jpg.txt
INV,,,invoice_india_143.jpg.txt
INV,,,invoice_india_144.jpg.txt
INV,,,invoice_india_145.jpg.txt
INV,,,invoice_india_146.jpg.txt
INV,,,invoice_india_147.jpg.txt
INV,,,invoice_india_148.jpg.txt
INV,,,invoice_india_149.jpg.txt
INV,,,invoice_india_15.jpg.txt
INV,,,invoice_india_150.jpg.txt
INV,,,invoice_india_151.jpg.txt
INV,,,invoice_india_152.jpg.txt
INV,,,invoice_india_153.jpg.txt
INV,,,invoice_india_154.jpg.txt
INV,,,invoice_india_155.jpg.txt
INV,,,invoice_india_156.jpg.txt
INV,,,invoice_india_157.jpg.txt
INV,,,invoice_india_158.jpg.txt
INV,,,invoice_india_159.jpg.txt
INV,,,invoice_india_16.jpg.txt
INV,,,invoice_india_160.jpg.txt
INV,,,invoice_india_161.jpg.txt
INV,,,invoice_india_162.jpg.txt
INV,,,invoice_india_163.jpg.txt
INV,,,invoice_india_164.jpg.txt
INV,,,invoice_india_165.jpg.txt
INV,,,invoice_india_166.jpg.txt
INV,,,invoice_india_167.jpg.txt
INV,,,invoice_india_168.jpg.txt
INV,,,invoice_india_169.jpg.txt
INV,,,invoice_india_17.jpg.txt
INV,,,invoice_india_170.jpg.txt
INV,,,invoice_india_171.jpg.txt
INV,,,invoice_india_172.jpg.txt
INV,,,invoice_india_173.jpg.txt
INV,,,invoice_india_174.jpg.txt
INV,,,invoice_india_175.jpg.txt
INV,,,invoice_india_176.jpg.txt
INV,,,invoice_india_177.jpg.txt
INV,,,invoice_india_178.jpg.txt
INV,,,invoice_india_179.jpg.txt
INV,,,invoice_india_18.jpg.txt
INV,,,invoice_india_180.jpg.txt
INV,,,invoice_india_181.jpg.txt
INV,,,invoice_india_182.jpg.txt
INV,,,invoice_india_183.jpg.txt
INV,,,invoice_india_184.jpg.txt
INV,,,invoice_india_185.jpg.txt
INV,,,invoice_india_186.jpg.txt
INV,,,invoice_india_187.jpg.txt
INV,,,invoice_india_188.jpg.txt
INV,,,invoice_india_189.jpg.txt
INV,,,invoice_india_19.jpg.txt
INV,,,invoice_india_190.jpg.txt
INV,,,invoice_india_191.jpg.txt
INV,,,invoice_india_192.jpg.txt
INV,,,invoice_india_193.jpg.txt
INV,,,invoice_india_194.jpg.txt
INV,,,invoice_india_195.jpg.txt
INV,,,invoice_india_196.jpg.txt
INV,,,invoice_india_197.jpg.txt
INV,,,invoice_india_198.jpg.txt
INV,,,invoice_india_199.jpg.txt
INV,,,invoice_india_2.jpg.txt
INV,,,invoice_india_20.jpg.txt
INV,,,invoice_india_200.jpg.txt
INV,,,invoice_india_201.jpg.txt
INV,,,invoice_india_202.jpg.txt
INV,,,invoice_india_203.jpg.txt
INV,,,invoice_india_204.jpg.txt
INV,,,invoice_india_205.jpg.txt
INV,,,invoice_india_206.jpg.txt
INV,,,invoice_india_207.jpg.txt
INV,,,invoice_india_208.jpg.txt
INV,,,invoice_india_209.jpg.txt
INV,,,invoice_india_21.jpg.txt
INV,,,invoice_india_210.jpg.txt
INV,,,invoice_india_211.jpg.txt
INV,,,invoice_india_212.jpg.txt
INV,,,invoice_india_213.jpg.txt
INV,,,invoice_india_214.jpg.txt
INV,,,invoice_india_215.jpg.txt
INV,,,invoice_india_216.jpg.txt
INV,,,invoice_india_217.jpg.txt
INV,,,invoice_india_218.jpg.txt
INV,,,invoice_india_219.jpg.txt
INV,,,invoice_india_22.jpg.txt
INV,,,invoice_india_220.jpg.txt
INV,,,invoice_india_221.jpg.txt
INV,,,invoice_india_222.jpg.txt
INV,,,invoice_india_223.jpg.txt
INV,,,invoice_india_224.jpg.txt
INV,,,invoice_india_225.jpg.txt
INV,,,invoice_india_226.jpg.txt
INV,,,invoice_india_227.jpg.txt
INV,,,invoice_india_228.jpg.txt
INV,,,invoice_india_229.jpg.txt
INV,,,invoice_india_23.jpg.txt
INV,,,invoice_india_230.jpg.txt
INV,,,invoice_india_231.jpg.txt
INV,,,invoice_india_232.jpg.txt
INV,,,invoice_india_233.jpg.txt
INV,,,invoice_india_234.jpg.txt
INV,,,invoice_india_235.jpg.txt
INV,,,invoice_india_236.jpg.txt
INV,,,invoice_india_237.jpg.txt
INV,,,invoice_india_238.jpg.txt
INV,,,invoice_india_239.jpg.txt
INV,,,invoice_india_24.jpg.txt
INV,,,invoice_india_240.jpg.txt
INV,,,invoice_india_241.jpg.txt
INV,,,invoice_india_242.jpg.txt
INV,,,invoice_india_243.jpg.txt
INV,,,invoice_india_244.jpg.txt
INV,,,invoice_india_245.jpg.txt
INV,,,invoice_india_246.jpg.txt
INV,,,invoice_india_247.jpg.txt
INV,,,invoice_india_248.jpg.txt
INV,,,invoice_india_249.jpg.txt
INV,,,invoice_india_25.jpg.txt
INV,,,invoice_india_250.jpg.txt
INV,,,invoice_india_251.jpg.txt
INV,,,invoice_india_252.jpg.txt
INV,,,invoice_india_253.jpg.txt
INV,,,invoice_india_254.jpg.txt
INV,,,invoice_india_255.jpg.txt
INV,,,invoice_india_256.jpg.txt
INV,,,invoice_india_257.jpg.txt
INV,,,invoice_india_258.jpg.txt
INV,,,invoice_india_259.jpg.txt
INV,,,invoice_india_26.jpg.txt
INV,,,invoice_india_260.jpg.txt
INV,,,invoice_india_261.jpg.txt
INV,,,invoice_india_262.jpg.txt
INV,,,invoice_india_263.jpg.txt
INV,,,invoice_india_264.jpg.txt
INV,,,invoice_india_265.jpg.txt
INV,,,invoice_india_266.jpg.txt
INV,,,invoice_india_267.jpg.txt
INV,,,invoice_india_268.jpg.txt
INV,,,invoice_india_269.jpg.txt
INV,,,invoice_india_27.jpg.txt
INV,,,invoice_india_270.jpg.txt
INV,,,invoice_india_271.jpg.txt
INV,,,invoice_india_272.jpg.txt
INV,,,invoice_india_273.jpg.txt
INV,,,invoice_india_274.jpg.txt
INV,,,invoice_india_275.jpg.txt
INV,,,invoice_india_276.jpg.txt
INV,,,invoice_india_277.jpg.txt
INV,,,invoice_india_278.jpg.txt
INV,,,invoice_india_279.jpg.txt
INV,,,invoice_india_28.jpg.txt
INV,,,invoice_india_280.jpg.txt
INV,,,invoice_india_281.jpg.txt
INV,,,invoice_india_282.jpg.txt
INV,,,invoice_india_283.jpg.txt
INV,,,invoice_india_284.jpg.txt
INV,,,invoice_india_285.jpg.txt
INV,,,invoice_india_286.jpg.txt
INV,,,invoice_india_287.jpg.txt
INV,,,invoice_india_288.jpg.txt
INV,,,invoice_india_289.jpg.txt
INV,,,invoice_india_29.jpg.txt
INV,,,invoice_india_290.jpg.txt
INV,,,invoice_india_291.jpg.txt
INV,,,invoice_india_292.jpg.txt
INV,,,invoice_india_293.jpg.txt
INV,,,invoice_india_294.jpg.txt
INV,,,invoice_india_295.jpg.txt
INV,,,invoice_india_296.jpg.txt
INV,,,invoice_india_297.jpg.txt
INV,,,invoice_india_298.jpg.txt
INV,,,invoice_india_299.jpg.txt
INV,,,invoice_india_3.jpg.txt
INV,,,invoice_india_30.jpg.txt
INV,,,invoice_india_300.jpg.txt
INV,,,invoice_india_301.jpg.txt
INV,,,invoice_india_302.jpg.txt
INV,,,invoice_india_303.jpg.txt
INV,,,invoice_india_304.jpg.txt
INV,,,invoice_india_305.jpg.txt
INV,,,invoice_india_306.jpg.txt
INV,,,invoice_india_307.jpg.txt
INV,,,invoice_india_308.jpg.txt
INV,,,invoice_india_309.jpg.txt
INV,,,invoice_india_31.jpg.txt
INV,,,invoice_india_310.jpg.txt
INV,,,invoice_india_311.jpg.txt
INV,,,invoice_india_312.jpg.txt
INV,,,invoice_india_313.jpg.txt
INV,,,invoice_india_314.jpg.txt
INV,,,invoice_india_315.jpg.txt
INV,,,invoice_india_316.jpg.txt
INV,,,invoice_india_317.jpg.txt
INV,,,invoice_india_318.jpg.txt
INV,,,invoice_india_319.jpg.txt
INV,,,invoice_india_32.jpg.txt
INV,,,invoice_india_320.jpg.txt
INV,,,invoice_india_321.jpg.txt
INV,,,invoice_india_322.jpg.txt
INV,,,invoice_india_323.jpg.txt
INV,,,invoice_india_324.jpg.txt
INV,,,invoice_india_325.jpg.txt
INV,,,invoice_india_326.jpg.txt
INV,,,invoice_india_327.jpg.txt
INV,,,invoice_india_328.jpg.txt
INV,,,invoice_india_329.jpg.txt
INV,,,invoice_india_33.jpg.txt
INV,,,invoice_india_330.jpg.txt
INV,,,invoice_india_331.jpg.txt
INV,,,invoice_india_332.jpg.txt
INV,,,invoice_india_333.jpg.txt
INV,,,invoice_india_334.jpg.txt
INV,,,invoice_india_335.jpg.txt
INV,,,invoice_india_336.jpg.txt
INV,,,invoice_india_337.jpg.txt
INV,,,invoice_india_338.jpg.txt
INV,,,invoice_india_339.jpg.txt
INV,,,invoice_india_34.jpg.txt
INV,,,invoice_india_340.jpg.txt
INV,,,invoice_india_341.jpg.txt
INV,,,invoice_india_342.jpg.txt
INV,,,invoice_india_343.jpg.txt
INV,,,invoice_india_344.jpg.txt
INV,,,invoice_india_345.jpg.txt
INV,,,invoice_india_346.jpg.txt
INV,,,invoice_india_347.jpg.txt
INV,,,invoice_india_348.jpg.txt
INV,,,invoice_india_349.jpg.txt
INV,,,invoice_india_35.jpg.txt
INV,,,invoice_india_350.jpg.txt
INV,,,invoice_india_351.jpg.txt
INV,,,invoice_india_352.jpg.txt
INV,,,invoice_india_353.jpg.txt
INV,,,invoice_india_354.jpg.txt
INV,,,invoice_india_355.jpg.txt
INV,,,invoice_india_356.jpg.txt
INV,,,invoice_india_357.jpg.txt
INV,,,invoice_india_358.jpg.txt
INV,,,invoice_india_359.jpg.txt
INV,,,invoice_india_36.jpg.txt
INV,,,invoice_india_360.jpg.txt
INV,,,invoice_india_361.jpg.txt
INV,,,invoice_india_362.jpg.txt
INV,,,invoice_india_363.jpg.txt
INV,,,invoice_india_364.jpg.txt
INV,,,invoice_india_365.jpg.txt
INV,,,invoice_india_366.jpg.txt
INV,,,invoice_india_367.jpg.txt
INV,,,invoice_india_368.jpg.txt
INV,,,invoice_india_369.jpg.txt
INV,,,invoice_india_37.jpg.txt
INV,,,invoice_india_370.jpg.txt
INV,,,invoice_india_371.jpg.txt
INV,,,invoice_india_372.jpg.txt
INV,,,invoice_india_373.jpg.txt
INV,,,invoice_india_374.jpg.txt
INV,,,invoice_india_375.jpg.txt
INV,,,invoice_india_376.jpg.txt
INV,,,invoice_india_377.jpg.txt
INV,,,invoice_india_378.jpg.txt
INV,,,invoice_india_379.jpg.txt
INV,,,invoice_india_38.jpg.txt
INV,,,invoice_india_380.jpg.txt
INV,,,invoice_india_381.jpg.txt
INV,,,invoice_india_382.jpg.txt
INV,,,invoice_india_383.jpg.txt
INV,,,invoice_india_384.jpg.txt
INV,,,invoice_india_385.jpg.txt
INV,,,invoice_india_386.jpg.txt
INV,,,invoice_india_387.jpg.txt
INV,,,invoice_india_388.jpg.txt
INV,,,invoice_india_389.jpg.txt
INV,,,invoice_india_39.jpg.txt
INV,,,invoice_india_390.jpg.txt
INV,,,invoice_india_391.jpg.txt
INV,,,invoice_india_392.jpg.txt
INV,,,invoice_india_393.jpg.txt
INV,,,invoice_india_394.jpg.txt
INV,,,invoice_india_395.jpg.txt
INV,,,invoice_india_396.jpg.txt
INV,,,invoice_india_397.jpg.txt
INV,,,invoice_india_398.jpg.txt
INV,,,invoice_india_399.jpg.txt
INV,,,invoice_india_4.jpg.txt
INV,,,invoice_india_40.jpg.txt
INV,,,invoice_india_400.jpg.txt
INV,,,invoice_india_401.jpg.txt
INV,,,invoice_india_402.jpg.txt
INV,,,invoice_india_403.jpg.txt
INV,,,invoice_india_404.jpg.txt
INV,,,invoice_india_405.jpg.txt
INV,,,invoice_india_406.jpg.txt
INV,,,invoice_india_407.jpg.txt
INV,,,invoice_india_408.jpg.txt
INV,,,invoice_india_409.jpg.txt
INV,,,invoice_india_41.jpg.txt
INV,,,invoice_india_410.jpg.txt
INV,,,invoice_india_411.jpg.txt
INV,,,invoice_india_412.jpg.txt
INV,,,invoice_india_413.jpg.txt
INV,,,invoice_india_414.jpg.txt
INV,,,invoice_india_415.jpg.txt
INV,,,invoice_india_416.jpg.txt
INV,,,invoice_india_417.jpg.txt
INV,,,invoice_india_418.jpg.txt
INV,,,invoice_india_419.jpg.txt
INV,,,invoice_india_42.jpg.txt
INV,,,invoice_india_420.jpg.txt
INV,,,invoice_india_421.jpg.txt
INV,,,invoice_india_422.jpg.txt
INV,,,invoice_india_423.jpg.txt
INV,,,invoice_india_424.jpg.txt
INV,,,invoice_india_425.jpg.txt
INV,,,invoice_india_426.jpg.txt
INV,,,invoice_india_427.jpg.txt
INV,,,invoice_india_428.jpg.txt
INV,,,invoice_india_429.jpg.txt
INV,,,invoice_india_43.jpg.txt
INV,,,invoice_india_430.jpg.txt
INV,,,invoice_india_431.jpg.txt
INV,,,invoice_india_432.jpg.txt
INV,,,invoice_india_433.jpg.txt
INV,,,invoice_india_434.jpg.txt
INV,,,invoice_india_435.jpg.txt
INV,,,invoice_india_436.jpg.txt
INV,,,invoice_india_437.jpg.txt
INV,,,invoice_india_438.jpg.txt
INV,,,invoice_india_439.jpg.txt
INV,,,invoice_india_44.jpg.txt
INV,,,invoice_india_440.jpg.txt
INV,,,invoice_india_441.jpg.txt
INV,,,invoice_india_442.jpg.txt
INV,,,invoice_india_443.jpg.txt
INV,,,invoice_india_444.jpg.txt
INV,,,invoice_india_445.jpg.txt
INV,,,invoice_india_446.jpg.txt
INV,,,invoice_india_447.jpg.txt
INV,,,invoice_india_448.jpg.txt
INV,,,invoice_india_449.jpg.txt
INV,,,invoice_india_45.jpg.txt
INV,,,invoice_india_450.jpg.txt
INV,,,invoice_india_451.jpg.txt
INV,,,invoice_india_452.jpg.txt
INV,,,invoice_india_453.jpg.txt
INV,,,invoice_india_454.jpg.txt
INV,,,invoice_india_455.jpg.txt
INV,,,invoice_india_456.jpg.txt
INV,,,invoice_india_457.jpg.txt
INV,,,invoice_india_458.jpg.txt
INV,,,invoice_india_459.jpg.txt
INV,,,invoice_india_46.jpg.txt
INV,,,invoice_india_460.jpg.txt
INV,,,invoice_india_461.jpg.txt
INV,,,invoice_india_462.jpg.txt
INV,,,invoice_india_463.jpg.txt
INV,,,invoice_india_464.jpg.txt
INV,,,invoice_india_465.jpg.txt
INV,,,invoice_india_466.jpg.txt
INV,,,invoice_india_467.jpg.txt
INV,,,invoice_india_468.jpg.txt
INV,,,invoice_india_469.jpg.txt
INV,,,invoice_india_47.jpg.txt
INV,,,invoice_india_470.jpg.txt
INV,,,invoice_india_471.jpg.txt
INV,,,invoice_india_472.jpg.txt
INV,,,invoice_india_473.jpg.txt
INV,,,invoice_india_474.jpg.txt
INV,,,invoice_india_475.jpg.txt
INV,,,invoice_india_476.jpg.txt
INV,,,invoice_india_477.jpg.txt
INV,,,invoice_india_478.jpg.txt
INV,,,invoice_india_479.jpg.txt
INV,,,invoice_india_48.jpg.txt
INV,,,invoice_india_480.jpg.txt
INV,,,invoice_india_481.jpg.txt
INV,,,invoice_india_482.jpg.txt
INV,,,invoice_india_483.jpg.txt
INV,,,invoice_india_484.jpg.txt
INV,,,invoice_india_485.jpg.txt
INV,,,invoice_india_486.jpg.txt
INV,,,invoice_india_487.jpg.txt
INV,,,invoice_india_488.jpg.txt
INV,,,invoice_india_489.jpg.txt
INV,,,invoice_india_49.jpg.txt
INV,,,invoice_india_490.jpg.txt
INV,,,invoice_india_491.jpg.txt
INV,,,invoice_india_492.jpg.txt
INV,,,invoice_india_493.jpg.txt
INV,,,invoice_india_494.jpg.txt
INV,,,invoice_india_495.jpg.txt
INV,,,invoice_india_496.jpg.txt
INV,,,invoice_india_497.jpg.txt
INV,,,invoice_india_498.jpg.txt
INV,,,invoice_india_499.jpg.txt
INV,,,invoice_india_5.jpg.txt
INV,,,invoice_india_50.jpg.txt
INV,,,invoice_india_500.jpg.txt
INV,,,invoice_india_501.jpg.txt
INV,,,invoice_india_502.jpg.txt
INV,,,invoice_india_503.jpg.txt
INV,,,invoice_india_504.jpg.txt
INV,,,invoice_india_505.jpg.txt
INV,,,invoice_india_506.jpg.txt
INV,,,invoice_india_507.jpg.txt
INV,,,invoice_india_508.jpg.txt
INV,,,invoice_india_509.jpg.txt
INV,,,invoice_india_51.jpg.txt
INV,,,invoice_india_510.jpg.txt
INV,,,invoice_india_511.jpg.txt
INV,,,invoice_india_512.jpg.txt
INV,,,invoice_india_513.jpg.txt
INV,,,invoice_india_514.jpg.txt
INV,,,invoice_india_515.jpg.txt
INV,,,invoice_india_516.jpg.txt
INV,,,invoice_india_517.jpg.txt
INV,,,invoice_india_518.jpg.txt
INV,,,invoice_india_519.jpg.txt
INV,,,invoice_india_52.jpg.txt
INV,,,invoice_india_520.jpg.txt
INV,,,invoice_india_521.jpg.txt
INV,,,invoice_india_522.jpg.txt
INV,,,invoice_india_523.jpg.txt
INV,,,invoice_india_524.jpg.txt
INV,,,invoice_india_525.jpg.txt
INV,,,invoice_india_526.jpg.txt
INV,,,invoice_india_527.jpg.txt
INV,,,invoice_india_528.jpg.txt
INV,,,invoice_india_529.jpg.txt
INV,,,invoice_india_53.jpg.txt
INV,,,invoice_india_530.jpg.txt
INV,,,invoice_india_531.jpg.txt
INV,,,invoice_india_532.jpg.txt
INV,,,invoice_india_533.jpg.txt
INV,,,invoice_india_534.jpg.txt
INV,,,invoice_india_535.jpg.txt
INV,,,invoice_india_536.jpg.txt
INV,,,invoice_india_537.jpg.txt
INV,,,invoice_india_538.jpg.txt
INV,,,invoice_india_539.jpg.txt
INV,,,invoice_india_54.jpg.txt
INV,,,invoice_india_540.jpg.txt
INV,,,invoice_india_541.jpg.txt
INV,,,invoice_india_542.jpg.txt
INV,,,invoice_india_543.jpg.txt
INV,,,invoice_india_544.jpg.txt
INV,,,invoice_india_545.jpg.txt
INV,,,invoice_india_546.jpg.txt
INV,,,invoice_india_547.jpg.txt
INV,,,invoice_india_548.jpg.txt
INV,,,invoice_india_549.jpg.txt
INV,,,invoice_india_55.jpg.txt
INV,,,invoice_india_550.jpg.txt
INV,,,invoice_india_551.jpg.txt
INV,,,invoice_india_552.jpg.txt
INV,,,invoice_india_553.jpg.txt
INV,,,invoice_india_554.jpg.txt
INV,,,invoice_india_555.jpg.txt
INV,,,invoice_india_556.jpg.txt
INV,,,invoice_india_557.jpg.txt
INV,,,invoice_india_558.jpg.txt
INV,,,invoice_india_559.jpg.txt
INV,,,invoice_india_56.jpg.txt
INV,,,invoice_india_560.jpg.txt
INV,,,invoice_india_561.jpg.txt
INV,,,invoice_india_562.jpg.txt
INV,,,invoice_india_563.jpg.txt
INV,,,invoice_india_564.jpg.txt
INV,,,invoice_india_565.jpg.txt
INV,,,invoice_india_566.jpg.txt
INV,,,invoice_india_567.jpg.txt
INV,,,invoice_india_568.jpg.txt
INV,,,invoice_india_569.jpg.txt
INV,,,invoice_india_57.jpg.txt
INV,,,invoice_india_570.jpg.txt
INV,,,invoice_india_571.jpg.txt
INV,,,invoice_india_572.jpg.txt
INV,,,invoice_india_573.jpg.txt
INV,,,invoice_india_574.jpg.txt
INV,,,invoice_india_575.jpg.txt
INV,,,invoice_india_576.jpg.txt
INV,,,invoice_india_577.jpg.txt
INV,,,invoice_india_578.jpg.txt
INV,,,invoice_india_579.jpg.txt
INV,,,invoice_india_58.jpg.txt
INV,,,invoice_india_580.jpg.txt
INV,,,invoice_india_581.jpg.txt
INV,,,invoice_india_582.jpg.txt
INV,,,invoice_india_583.jpg.txt
INV,,,invoice_india_584.jpg.txt
INV,,,invoice_india_585.jpg.txt
INV,,,invoice_india_586.jpg.txt
INV,,,invoice_india_587.jpg.txt
INV,,,invoice_india_588.jpg.txt
INV,,,invoice_india_589.jpg.txt
INV,,,invoice_india_59.jpg.txt
INV,,,invoice_india_590.jpg.txt
INV,,,invoice_india_591.jpg.txt
INV,,,invoice_india_592.jpg.txt
INV,,,invoice_india_593.jpg.txt
INV,,,invoice_india_594.jpg.txt
INV,,,invoice_india_595.jpg.txt
INV,,,invoice_india_596.jpg.txt
INV,,,invoice_india_597.jpg.txt
INV,,,invoice_india_598.jpg.txt
INV,,,invoice_india_599.jpg.txt
INV,,,invoice_india_6.jpg.txt
INV,,,invoice_india_60.jpg.txt
INV,,,invoice_india_600.jpg.txt
INV,,,invoice_india_601.jpg.txt
INV,,,invoice_india_602.jpg.txt
INV,,,invoice_india_603.jpg.txt
INV,,,invoice_india_604.jpg.txt
INV,,,invoice_india_605.jpg.txt
INV,,,invoice_india_606.jpg.txt
INV,,,invoice_india_607.jpg.txt
INV,,,invoice_india_608.jpg.txt
INV,,,invoice_india_609.jpg.txt
INV,,,invoice_india_61.jpg.txt
INV,,,invoice_india_610.jpg.txt
INV,,,invoice_india_611.jpg.txt
INV,,,invoice_india_612.jpg.txt
INV,,,invoice_india_613.jpg.txt
INV,,,invoice_india_614.jpg.txt
INV,,,invoice_india_615.jpg.txt
INV,,,invoice_india_616.jpg.txt
INV,,,invoice_india_617.jpg.txt
INV,,,invoice_india_618.jpg.txt
INV,,,invoice_india_619.jpg.txt
INV,,,invoice_india_62.jpg.txt
INV,,,invoice_india_620.jpg.txt
INV,,,invoice_india_621.jpg.txt
INV,,,invoice_india_622.jpg.txt
INV,,,invoice_india_623.jpg.txt
INV,,,invoice_india_624.jpg.txt
INV,,,invoice_india_625.jpg.txt
INV,,,invoice_india_626.jpg.txt
INV,,,invoice_india_627.jpg.txt
INV,,,invoice_india_628.jpg.txt
INV,,,invoice_india_629.jpg.txt
INV,,,invoice_india_63.jpg.txt
INV,,,invoice_india_630.jpg.txt
INV,,,invoice_india_631.jpg.txt
INV,,,invoice_india_632.jpg.txt
INV,,,invoice_india_633.jpg.txt
INV,,,invoice_india_634.jpg.txt
INV,,,invoice_india_635.jpg.txt
INV,,,invoice_india_636.jpg.txt
INV,,,invoice_india_637.jpg.txt
INV,,,invoice_india_638.jpg.txt
INV,,,invoice_india_639.jpg.txt
INV,,,invoice_india_64.jpg.txt
INV,,,invoice_india_640.jpg.txt
INV,,,invoice_india_641.jpg.txt
INV,,,invoice_india_642.jpg.txt
INV,,,invoice_india_643.jpg.txt
INV,,,invoice_india_644.jpg.txt
INV,,,invoice_india_645.jpg.txt
INV,,,invoice_india_646.jpg.txt
INV,,,invoice_india_647.jpg.txt
INV,,,invoice_india_648.jpg.txt
INV,,,invoice_india_649.jpg.txt
INV,,,invoice_india_65.jpg.txt
INV,,,invoice_india_650.jpg.txt
INV,,,invoice_india_651.jpg.txt
INV,,,invoice_india_652.jpg.txt
INV,,,invoice_india_653.jpg.txt
INV,,,invoice_india_654.jpg.txt
INV,,,invoice_india_655.jpg.txt
INV,,,invoice_india_656.jpg.txt
INV,,,invoice_india_657.jpg.txt
INV,,,invoice_india_658.jpg.txt
INV,,,invoice_india_659.jpg.txt
INV,,,invoice_india_66.jpg.txt
INV,,,invoice_india_660.jpg.txt
INV,,,invoice_india_661.jpg.txt
INV,,,invoice_india_662.jpg.txt
INV,,,invoice_india_663.jpg.txt
INV,,,invoice_india_664.jpg.txt
INV,,,invoice_india_665.jpg.txt
INV,,,invoice_india_666.jpg.txt
INV,,,invoice_india_667.jpg.txt
INV,,,invoice_india_668.jpg.txt
INV,,,invoice_india_669.jpg.txt
INV,,,invoice_india_67.jpg.txt
INV,,,invoice_india_670.jpg.txt
INV,,,invoice_india_671.jpg.txt
INV,,,invoice_india_672.jpg.txt
INV,,,invoice_india_673.jpg.txt
INV,,,invoice_india_674.jpg.txt
INV,,,invoice_india_675.jpg.txt
INV,,,invoice_india_676.jpg.txt
INV,,,invoice_india_677.jpg.txt
INV,,,invoice_india_678.jpg.txt
INV,,,invoice_india_679.jpg.txt
INV,,,invoice_india_68.jpg.txt
INV,,,invoice_india_680.jpg.txt
INV,,,invoice_india_681.jpg.txt
INV,,,invoice_india_682.jpg.txt
INV,,,invoice_india_683.jpg.txt
INV,,,invoice_india_684.jpg.txt
INV,,,invoice_india_685.jpg.txt
INV,,,invoice_india_686.jpg.txt
INV,,,invoice_india_687.jpg.txt
INV,,,invoice_india_688.jpg.txt
INV,,,invoice_india_689.jpg.txt
INV,,,invoice_india_69.jpg.txt
INV,,,invoice_india_690.jpg.txt
INV,,,invoice_india_691.jpg.txt
INV,,,invoice_india_692.jpg.txt
INV,,,invoice_india_693.jpg.txt
INV,,,invoice_india_694.jpg.txt
INV,,,invoice_india_695.jpg.txt
INV,,,invoice_india_696.jpg.txt
INV,,,invoice_india_697.jpg.txt
INV,,,invoice_india_698.jpg.txt
INV,,,invoice_india_699.jpg.txt
INV,,,invoice_india_7.jpg.txt
INV,,,invoice_india_70.jpg.txt
INV,,,invoice_india_700.jpg.txt
INV,,,invoice_india_701.jpg.txt
INV,,,invoice_india_702.jpg.txt
INV,,,invoice_india_703.jpg.txt
INV,,,invoice_india_704.jpg.txt
INV,,,invoice_india_705.jpg.txt
INV,,,invoice_india_706.jpg.txt
INV,,,invoice_india_707.jpg.txt
INV,,,invoice_india_708.jpg.txt
INV,,,invoice_india_709.jpg.txt
INV,,,invoice_india_71.jpg.txt
INV,,,invoice_india_710.jpg.txt
INV,,,invoice_india_711.jpg.txt
INV,,,invoice_india_712.jpg.txt
INV,,,invoice_india_713.jpg.txt
INV,,,invoice_india_714.jpg.txt
INV,,,invoice_india_715.jpg.txt
INV,,,invoice_india_716.jpg.txt
INV,,,invoice_india_717.jpg.txt
INV,,,invoice_india_718.jpg.txt
INV,,,invoice_india_719.jpg.txt
INV,,,invoice_india_72.jpg.txt
INV,,,invoice_india_720.jpg.txt
INV,,,invoice_india_721.jpg.txt
INV,,,invoice_india_722.jpg.txt
INV,,,invoice_india_723.jpg.txt
INV,,,invoice_india_724.jpg.txt
INV,,,invoice_india_725.jpg.txt
INV,,,invoice_india_726.jpg.txt
INV,,,invoice_india_727.jpg.txt
INV,,,invoice_india_728.jpg.txt
INV,,,invoice_india_729.jpg.txt
INV,,,invoice_india_73.jpg.txt
INV,,,invoice_india_730.jpg.txt
INV,,,invoice_india_731.jpg.txt
INV,,,invoice_india_732.jpg.txt
INV,,,invoice_india_733.jpg.txt
INV,,,invoice_india_734.jpg.txt
INV,,,invoice_india_735.jpg.txt
INV,,,invoice_india_736.jpg.txt
INV,,,invoice_india_737.jpg.txt
INV,,,invoice_india_738.jpg.txt
INV,,,invoice_india_739.jpg.txt
INV,,,invoice_india_74.jpg.txt
INV,,,invoice_india_740.jpg.txt
INV,,,invoice_india_741.jpg.txt
INV,,,invoice_india_742.jpg.txt
INV,,,invoice_india_743.jpg.txt
INV,,,invoice_india_744.jpg.txt
INV,,,invoice_india_745.jpg.txt
INV,,,invoice_india_746.jpg.txt
INV,,,invoice_india_747.jpg.txt
INV,,,invoice_india_748.jpg.txt
INV,,,invoice_india_749.jpg.txt
INV,,,invoice_india_75.jpg.txt
INV,,,invoice_india_750.jpg.txt
INV,,,invoice_india_751.jpg.txt
INV,,,invoice_india_752.jpg.txt
INV,,,invoice_india_753.jpg.txt
INV,,,invoice_india_754.jpg.txt
INV,,,invoice_india_755.jpg.txt
INV,,,invoice_india_756.jpg.txt
INV,,,invoice_india_757.jpg.txt
INV,,,invoice_india_758.jpg.txt
INV,,,invoice_india_759.jpg.txt
INV,,,invoice_india_76.jpg.txt
INV,,,invoice_india_760.jpg.txt
INV,,,invoice_india_761.jpg.txt
INV,,,invoice_india_762.jpg.txt
INV,,,invoice_india_763.jpg.txt
INV,,,invoice_india_764.jpg.txt
INV,,,invoice_india_765.jpg.txt
INV,,,invoice_india_766.jpg.txt
INV,,,invoice_india_767.jpg.txt
INV,,,invoice_india_768.jpg.txt
INV,,,invoice_india_769.jpg.txt
INV,,,invoice_india_77.jpg.txt
INV,,,invoice_india_770.jpg.txt
INV,,,invoice_india_771.jpg.txt
INV,,,invoice_india_772.jpg.txt
INV,,,invoice_india_773.jpg.txt
INV,,,invoice_india_774.jpg.txt
INV,,,invoice_india_775.jpg.txt
INV,,,invoice_india_776.jpg.txt
INV,,,invoice_india_777.jpg.txt
INV,,,invoice_india_778.jpg.txt
INV,,,invoice_india_779.jpg.txt
INV,,,invoice_india_78.jpg.txt
INV,,,invoice_india_780.jpg.txt
INV,,,invoice_india_781.jpg.txt
INV,,,invoice_india_782.jpg.txt
INV,,,invoice_india_783.jpg.txt
INV,,,invoice_india_784.jpg.txt
INV,,,invoice_india_785.jpg.txt
INV,,,invoice_india_786.jpg.txt
INV,,,invoice_india_787.jpg.txt
INV,,,invoice_india_788.jpg.txt
INV,,,invoice_india_789.jpg.txt
INV,,,invoice_india_79.jpg.txt
INV,,,invoice_india_790.jpg.txt
INV,,,invoice_india_791.jpg.txt
INV,,,invoice_india_792.jpg.txt
INV,,,invoice_india_793.jpg.txt
INV,,,invoice_india_794.jpg.txt
INV,,,invoice_india_795.jpg.txt
INV,,,invoice_india_796.jpg.txt
INV,,,invoice_india_797.jpg.txt
INV,,,invoice_india_798.jpg.txt
INV,,,invoice_india_799.jpg.txt
INV,,,invoice_india_8.jpg.txt
INV,,,invoice_india_80.jpg.txt
INV,,,invoice_india_800.jpg.txt
INV,,,invoice_india_801.jpg.txt
INV,,,invoice_india_802.jpg.txt
INV,,,invoice_india_803.jpg.txt
INV,,,invoice_india_804.jpg.txt
INV,,,invoice_india_805.jpg.txt
INV,,,invoice_india_806.jpg.txt
INV,,,invoice_india_807.jpg.txt
INV,,,invoice_india_808.jpg.txt
INV,,,invoice_india_809.jpg.txt
INV,,,invoice_india_81.jpg.txt
INV,,,invoice_india_810.jpg.txt
INV,,,invoice_india_811.jpg.txt
INV,,,invoice_india_812.jpg.txt
INV,,,invoice_india_813.jpg.txt
INV,,,invoice_india_814.jpg.txt
INV,,,invoice_india_815.jpg.txt
INV,,,invoice_india_816.jpg.txt
INV,,,invoice_india_817.jpg.txt
INV,,,invoice_india_818.jpg.txt
INV,,,invoice_india_819.jpg.txt
INV,,,invoice_india_82.jpg.txt
INV,,,invoice_india_820.jpg.txt
INV,,,invoice_india_821.jpg.txt
INV,,,invoice_india_822.jpg.txt
INV,,,invoice_india_823.jpg.txt
INV,,,invoice_india_824.jpg.txt
INV,,,invoice_india_825.jpg.txt
INV,,,invoice_india_826.jpg.txt
INV,,,invoice_india_827.jpg.txt
INV,,,invoice_india_828.jpg.txt
INV,,,invoice_india_829.jpg.txt
INV,,,invoice_india_83.jpg.txt
INV,,,invoice_india_830.jpg.txt
INV,,,invoice_india_831.jpg.txt
INV,,,invoice_india_832.jpg.txt
INV,,,invoice_india_833.jpg.txt
INV,,,invoice_india_834.jpg.txt
INV,,,invoice_india_835.jpg.txt
INV,,,invoice_india_836.jpg.txt
INV,,,invoice_india_837.jpg.txt
INV,,,invoice_india_838.jpg.txt
INV,,,invoice_india_839.jpg.txt
INV,,,invoice_india_84.jpg.txt
INV,,,invoice_india_840.jpg.txt
INV,,,invoice_india_841.jpg.txt
INV,,,invoice_india_842.jpg.txt
INV,,,invoice_india_843.jpg.txt
INV,,,invoice_india_844.jpg.txt
INV,,,invoice_india_845.jpg.txt
INV,,,invoice_india_846.jpg.txt
INV,,,invoice_india_847.jpg.txt
INV,,,invoice_india_848.jpg.txt
INV,,,invoice_india_849.jpg.txt
INV,,,invoice_india_85.jpg.txt
INV,,,invoice_india_850.jpg.txt
INV,,,invoice_india_851.jpg.txt
INV,,,invoice_india_852.jpg.txt
INV,,,invoice_india_853.jpg.txt
INV,,,invoice_india_854.jpg.txt
INV,,,invoice_india_855.jpg.txt
INV,,,invoice_india_856.jpg.txt
INV,,,invoice_india_857.jpg.txt
INV,,,invoice_india_858.jpg.txt
INV,,,invoice_india_859.jpg.txt
INV,,,invoice_india_86.jpg.txt
INV,,,invoice_india_860.jpg.txt
INV,,,invoice_india_861.jpg.txt
INV,,,invoice_india_862.jpg.txt
INV,,,invoice_india_863.jpg.txt
INV,,,invoice_india_864.jpg.txt
INV,,,invoice_india_865.jpg.txt
INV,,,invoice_india_866.jpg.txt
INV,,,invoice_india_867.jpg.txt
INV,,,invoice_india_868.jpg.txt
INV,,,invoice_india_869.jpg.txt
INV,,,invoice_india_87.jpg.txt
INV,,,invoice_india_870.jpg.txt
INV,,,invoice_india_871.jpg.txt
INV,,,invoice_india_872.jpg.txt
INV,,,invoice_india_873.jpg.txt
INV,,,invoice_india_874.jpg.txt
INV,,,invoice_india_875.jpg.txt
INV,,,invoice_india_876.jpg.txt
INV,,,invoice_india_877.jpg.txt
INV,,,invoice_india_878.jpg.txt
INV,,,invoice_india_879.jpg.txt
INV,,,invoice_india_88.jpg.txt
INV,,,invoice_india_880.jpg.txt
INV,,,invoice_india_881.jpg.txt
INV,,,invoice_india_882.jpg.txt
INV,,,invoice_india_883.jpg.txt
INV,,,invoice_india_884.jpg.txt
INV,,,invoice_india_885.jpg.txt
INV,,,invoice_india_886.jpg.txt
INV,,,invoice_india_887.jpg.txt
INV,,,invoice_india_888.jpg.txt
INV,,,invoice_india_889.jpg.txt
INV,,,invoice_india_89.jpg.txt
INV,,,invoice_india_890.jpg.txt
INV,,,invoice_india_891.jpg.txt
INV,,,invoice_india_892.jpg.txt
INV,,,invoice_india_893.jpg.txt
INV,,,invoice_india_894.jpg.txt
INV,,,invoice_india_895.jpg.txt
INV,,,invoice_india_896.jpg.txt
INV,,,invoice_india_897.jpg.txt
INV,,,invoice_india_898.jpg.txt
INV,,,invoice_india_899.jpg.txt
INV,,,invoice_india_9.jpg.txt
INV,,,invoice_india_90.jpg.txt
INV,,,invoice_india_900.jpg.txt
INV,,,invoice_india_901.jpg.txt
INV,,,invoice_india_902.jpg.txt
INV,,,invoice_india_903.jpg.txt
INV,,,invoice_india_904.jpg.txt
INV,,,invoice_india_905.jpg.txt
INV,,,invoice_india_906.jpg.txt
INV,,,invoice_india_907.jpg.txt
INV,,,invoice_india_908.jpg.txt
INV,,,invoice_india_909.jpg.txt
INV,,,invoice_india_91.jpg.txt
INV,,,invoice_india_910.jpg.txt
INV,,,invoice_india_911.jpg.txt
INV,,,invoice_india_912.jpg.txt
INV,,,invoice_india_913.jpg.txt
INV,,,invoice_india_914.jpg.txt
INV,,,invoice_india_915.jpg.txt
INV,,,invoice_india_916.jpg.txt
INV,,,invoice_india_917.jpg.txt
INV,,,invoice_india_918.jpg.txt
INV,,,invoice_india_919.jpg.txt
INV,,,invoice_india_92.jpg.txt
INV,,,invoice_india_920.jpg.txt
INV,,,invoice_india_921.jpg.txt
INV,,,invoice_india_922.jpg.txt
INV,,,invoice_india_923.jpg.txt
INV,,,invoice_india_924.jpg.txt
INV,,,invoice_india_925.jpg.txt
INV,,,invoice_india_926.jpg.txt
INV,,,invoice_india_927.jpg.txt
INV,,,invoice_india_928.jpg.txt
INV,,,invoice_india_929.jpg.txt
INV,,,invoice_india_93.jpg.txt
INV,,,invoice_india_930.jpg.txt
INV,,,invoice_india_931.jpg.txt
INV,,,invoice_india_932.jpg.txt
INV,,,invoice_india_933.jpg.txt
INV,,,invoice_india_934.jpg.txt
INV,,,invoice_india_935.jpg.txt
INV,,,invoice_india_936.jpg.txt
INV,,,invoice_india_937.jpg.txt
INV,,,invoice_india_938.jpg.txt
INV,,,invoice_india_939.jpg.txt
INV,,,invoice_india_94.jpg.txt
INV,,,invoice_india_940.jpg.txt
INV,,,invoice_india_941.jpg.txt
INV,,,invoice_india_942.jpg.txt
INV,,,invoice_india_943.jpg.txt
INV,,,invoice_india_944.jpg.txt
INV,,,invoice_india_945.jpg.txt
INV,,,invoice_india_946.jpg.txt
INV,,,invoice_india_947.jpg.txt
INV,,,invoice_india_948.jpg.txt
INV,,,invoice_india_949.jpg.txt
INV,,,invoice_india_95.jpg.txt
INV,,,invoice_india_950.jpg.txt
INV,,,invoice_india_951.jpg.txt
INV,,,invoice_india_952.jpg.txt
INV,,,invoice_india_953.jpg.txt
INV,,,invoice_india_954.jpg.txt
INV,,,invoice_india_955.jpg.txt
INV,,,invoice_india_956.jpg.txt
INV,,,invoice_india_957.jpg.txt
INV,,,invoice_india_958.jpg.txt
INV,,,invoice_india_959.jpg.txt
INV,,,invoice_india_96.jpg.txt
INV,,,invoice_india_960.jpg.txt
INV,,,invoice_india_961.jpg.txt
INV,,,invoice_india_962.jpg.txt
INV,,,invoice_india_963.jpg.txt
INV,,,invoice_india_964.jpg.txt
INV,,,invoice_india_965.jpg.txt
INV,,,invoice_india_966.jpg.txt
INV,,,invoice_india_967.jpg.txt
INV,,,invoice_india_968.jpg.txt
INV,,,invoice_india_969.jpg.txt
INV,,,invoice_india_97.jpg.txt
INV,,,invoice_india_970.jpg.txt
INV,,,invoice_india_971.jpg.txt
INV,,,invoice_india_972.jpg.txt
INV,,,invoice_india_973.jpg.txt
INV,,,invoice_india_974.jpg.txt
INV,,,invoice_india_975.jpg.txt
INV,,,invoice_india_976.jpg.txt
INV,,,invoice_india_977.jpg.txt
INV,,,invoice_india_978.jpg.txt
INV,,,invoice_india_979.jpg.txt
INV,,,invoice_india_98.jpg.txt
INV,,,invoice_india_980.jpg.txt
INV,,,invoice_india_981.jpg.txt
INV,,,invoice_india_982.jpg.txt
INV,,,invoice_india_983.jpg.txt
INV,,,invoice_india_984.jpg.txt
INV,,,invoice_india_985.jpg.txt
INV,,,invoice_india_986.jpg.txt
INV,,,invoice_india_987.jpg.txt
INV,,,invoice_india_988.jpg.txt
INV,,,invoice_india_989.jpg.txt
INV,,,invoice_india_99.jpg.txt
INV,,,invoice_india_990.jpg.txt
INV,,,invoice_india_991.jpg.txt
INV,,,invoice_india_992.jpg.txt
INV,,,invoice_india_993.jpg.txt
INV,,,invoice_india_994.jpg.txt
INV,,,invoice_india_995.jpg.txt
INV,,,invoice_india_996.jpg.txt
INV,,,invoice_india_997.jpg.txt
INV,,,invoice_india_998.jpg.txt
INV,,,invoice_india_999.jpg.txt
